Juan Perez,juanp,America/Mexico_City
Pablo Lopez,pablol,America/Mexico_City
Esteban Gomez,estebang,America/Mexico_City
Carlos Garcia,carlosg,America/Mexico_City
Miguel Figueroa,miguelf,America/Mexico_City
Santiago Martinez,santiagom,America/Mexico_City
Moises Vazquez,moisesv,America/Mexico_City
